Local Authority,Local Electoral Area,Dwelling Type,RT Number,Number of Bedrooms,Number of Bed Spaces,BER,Rent (Month),Floor Space m2,Match Score,ED Name,Tenancy Start,Tenancy Updated
SOUTH DUBLIN COUNTY COUNCIL,Firhouse - Bohernabreena,House,RT-1124-01211899-25,3,4,C1,"2,082.00",90,99.00,FIRHOUSE-BALLYCULLEN,11/2024,2025
SOUTH DUBLIN COUNTY COUNCIL,Firhouse - Bohernabreena,House,RT-0420-01594380-26,3,2,C1,"1,500.00",91,98.41,FIRHOUSE-BALLYCULLEN,04/2020,2026
SOUTH DUBLIN COUNTY COUNCIL,Firhouse - Bohernabreena,House,RT-0925-01558605,3,3,C3,"2,675.00",90,97.00,FIRHOUSE-BALLYCULLEN,09/2025,
SOUTH DUBLIN COUNTY COUNCIL,Firhouse - Bohernabreena,House,RT-0126-01716262,3,3,C2,"2,477.00",95,94.04,FIRHOUSE-BALLYCULLEN,01/2026,
SOUTH DUBLIN COUNTY COUNCIL,Firhouse - Bohernabreena,House,RT-0525-01439239,3,5,B3,"2,100.00",90,93.00,FIRHOUSE-BALLYCULLEN,05/2025,
SOUTH DUBLIN COUNTY COUNCIL,Firhouse - Bohernabreena,House,RT-0126-01712335,3,5,B2,"2,892.00",90,93.00,FIRHOUSE-BALLYCULLEN,01/2026,
SOUTH DUBLIN COUNTY COUNCIL,Firhouse - Bohernabreena,House,RT-0918-01392489-25,3,5,D2,"2,272.00",90,93.00,FIRHOUSE-BALLYCULLEN,09/2018,2025
SOUTH DUBLIN COUNTY COUNCIL,Firhouse - Bohernabreena,House,RT-0925-01553612,3,5,B3,"3,000.00",93,91.22,FIRHOUSE-BALLYCULLEN,09/2025,
SOUTH DUBLIN COUNTY COUNCIL,Firhouse - Bohernabreena,House,RT-0320-01582292-26,3,5,D1,"1,523.00",95,90.04,FIRHOUSE-BALLYCULLEN,03/2020,2026
SOUTH DUBLIN COUNTY COUNCIL,Firhouse - Bohernabreena,House,RT-0725-01482348,3,5,,"2,498.00",90,89.00,FIRHOUSE-BALLYCULLEN,07/2025,
SOUTH DUBLIN COUNTY COUNCIL,Firhouse - Bohernabreena,House,RT-0725-01477539,3,3,D1,"2,356.00",75,,FIRHOUSE VILLAGE,07/2025,
SOUTH DUBLIN COUNTY COUNCIL,Firhouse - Bohernabreena,House,RT-1025-01603496,3,3,D1,"2,070.00",76,,EDMONDSTOWN,10/2025,
SOUTH DUBLIN COUNTY COUNCIL,Firhouse - Bohernabreena,House,RT-0119-01438932-26,3,6,,"2,299.00",74,,EDMONDSTOWN,01/2019,2026
SOUTH DUBLIN COUNTY COUNCIL,Firhouse - Bohernabreena,House,RT-0126-01722316,3,3,A1,"2,270.00",100,,FIRHOUSE-BALLYCULLEN,01/2026,
SOUTH DUBLIN COUNTY COUNCIL,Firhouse - Bohernabreena,House,RT-0320-01584425-26,3,5,A2,"2,300.00",101,,FIRHOUSE-BALLYCULLEN,03/2020,2026
SOUTH DUBLIN COUNTY COUNCIL,Firhouse - Bohernabreena,House,RT-0120-01564544-25,3,5,A2,"2,594.00",101,,FIRHOUSE-BALLYCULLEN,01/2020,2025
SOUTH DUBLIN COUNTY COUNCIL,Firhouse - Bohernabreena,House,RT-0126-01709908,3,5,A2,"2,508.00",102,,FIRHOUSE-BALLYCULLEN,01/2026,
SOUTH DUBLIN COUNTY COUNCIL,Firhouse - Bohernabreena,House,RT-0825-01526453,3,6,A2,"2,520.00",102,,FIRHOUSE-BALLYCULLEN,08/2025,
SOUTH DUBLIN COUNTY COUNCIL,Firhouse - Bohernabreena,House,RT-0625-01472189,3,5,A2,"2,534.00",103,,FIRHOUSE-BALLYCULLEN,06/2025,
SOUTH DUBLIN COUNTY COUNCIL,Firhouse - Bohernabreena,House,RT-0325-01365697-26,3,5,A2,"3,100.00",103,,FIRHOUSE-BALLYCULLEN,03/2025,2026
SOUTH DUBLIN COUNTY COUNCIL,Firhouse - Bohernabreena,House,RT-0925-01568407,3,5,C1,500.00,130,,FIRHOUSE-BALLYCULLEN,09/2025,
SOUTH DUBLIN COUNTY COUNCIL,Firhouse - Bohernabreena,House,RT-0618-01350072-25,3,5,,"1,696.00",140,,FIRHOUSE-BALLYCULLEN,06/2018,2025
SOUTH DUBLIN COUNTY COUNCIL,Firhouse - Bohernabreena,House,RT-0718-01366737-25,3,3,D1,"2,172.00",140,,EDMONDSTOWN,07/2018,2025
SOUTH DUBLIN COUNTY COUNCIL,Firhouse - Bohernabreena,House,RT-1024-01195569-25,3,6,A3,"2,900.00",120,,FIRHOUSE-BALLYCULLEN,10/2024,2025
SOUTH DUBLIN COUNTY COUNCIL,Firhouse - Bohernabreena,House,RT-0625-01466266,3,8,B3,"3,000.00",135,,FIRHOUSE VILLAGE,06/2025,
SOUTH DUBLIN COUNTY COUNCIL,Firhouse - Bohernabreena,House,RT-0425-01405522,3,0,A3,"2,668.00",117,,FIRHOUSE-BALLYCULLEN,04/2025,
SOUTH DUBLIN COUNTY COUNCIL,Firhouse - Bohernabreena,House,RT-0624-01025911-25,3,0,A2,"2,638.00",116,,FIRHOUSE-BALLYCULLEN,06/2024,2025
SOUTH DUBLIN COUNTY COUNCIL,Firhouse - Bohernabreena,House,RT-0625-01443494,3,0,A3,"2,622.00",116,,FIRHOUSE-BALLYCULLEN,06/2025,
SOUTH DUBLIN COUNTY COUNCIL,Firhouse - Bohernabreena,House,RT-1124-01204087-25,3,0,A3,"2,736.00",116,,FIRHOUSE-BALLYCULLEN,11/2024,2025
SOUTH DUBLIN COUNTY COUNCIL,Firhouse - Bohernabreena,House,RT-0425-01406986,3,6,A3,"2,995.00",115,,FIRHOUSE-BALLYCULLEN,04/2025,
SOUTH DUBLIN COUNTY COUNCIL,Firhouse - Bohernabreena,House,RT-1023-00719650-25,3,0,C2,"1,766.00",78,,FIRHOUSE VILLAGE,10/2023,2025
SOUTH DUBLIN COUNTY COUNCIL,Firhouse - Bohernabreena,House,RT-0725-01498607-26,3,3,D1,"1,598.00",80,,EDMONDSTOWN,07/2025,2026
SOUTH DUBLIN COUNTY COUNCIL,Firhouse - Bohernabreena,House,RT-0226-01763881,3,0,,"2,800.00",80,,FIRHOUSE VILLAGE,02/2026,
SOUTH DUBLIN COUNTY COUNCIL,Firhouse - Bohernabreena,House,RT-0120-01567261-26,3,0,,"2,788.00",80,,FIRHOUSE-KNOCKLYON,01/2020,2026
SOUTH DUBLIN COUNTY COUNCIL,Firhouse - Bohernabreena,House,RT-1119-01545161-25,3,3,,"2,300.00",80,,EDMONDSTOWN,11/2019,2025
SOUTH DUBLIN COUNTY COUNCIL,Firhouse - Bohernabreena,House,RT-0325-01345015-26,3,6,,"2,750.00",80,,BOHERNABREENA,03/2025,2026
SOUTH DUBLIN COUNTY COUNCIL,Firhouse - Bohernabreena,House,RT-1118-01420355-25,3,5,,"1,510.00",84,,FIRHOUSE-BALLYCULLEN,11/2018,2025
SOUTH DUBLIN COUNTY COUNCIL,Firhouse - Bohernabreena,House,RT-0518-01346650-25,3,6,D1,"1,803.00",85,,FIRHOUSE VILLAGE,05/2018,2025
SOUTH DUBLIN COUNTY COUNCIL,Firhouse - Bohernabreena,House,RT-1020-01666133-26,3,0,C2,"1,600.00",86,,FIRHOUSE VILLAGE,10/2020,2026
SOUTH DUBLIN COUNTY COUNCIL,Firhouse - Bohernabreena,House,RT-0424-00955694-25,3,5,A2,"2,900.00",114,,FIRHOUSE-BALLYCULLEN,04/2024,2025
SOUTH DUBLIN COUNTY COUNCIL,Firhouse - Bohernabreena,House,RT-1124-01226010-25,3,0,A3,"2,724.00",114,,FIRHOUSE-BALLYCULLEN,11/2024,2025
SOUTH DUBLIN COUNTY COUNCIL,Firhouse - Bohernabreena,House,RT-0924-01151580-25,3,0,A3,"2,716.00",114,,FIRHOUSE-BALLYCULLEN,09/2024,2025
SOUTH DUBLIN COUNTY COUNCIL,Firhouse - Bohernabreena,House,RT-0325-01356194,3,6,A2,"2,530.00",110,,FIRHOUSE-BALLYCULLEN,03/2025,
SOUTH DUBLIN COUNTY COUNCIL,Firhouse - Bohernabreena,House,RT-0824-01121167-25,3,6,A2,"3,490.00",100,,FIRHOUSE-BALLYCULLEN,08/2024,2025
SOUTH DUBLIN COUNTY COUNCIL,Firhouse - Bohernabreena,House,RT-0724-01047937-25,3,5,A3,"2,800.00",101,,FIRHOUSE-BALLYCULLEN,07/2024,2025
SOUTH DUBLIN COUNTY COUNCIL,Firhouse - Bohernabreena,House,RT-1224-01255477-25,3,6,A2,"2,605.00",102,,FIRHOUSE-BALLYCULLEN,12/2024,2025
SOUTH DUBLIN COUNTY COUNCIL,Firhouse - Bohernabreena,House,RT-1224-01255498-25,3,6,A2,"2,489.00",102,,FIRHOUSE-BALLYCULLEN,12/2024,2025
SOUTH DUBLIN COUNTY COUNCIL,Firhouse - Bohernabreena,House,RT-0425-01381338-25,3,5,A2,"2,435.00",102,,FIRHOUSE-BALLYCULLEN,04/2025,2025
SOUTH DUBLIN COUNTY COUNCIL,Firhouse - Bohernabreena,House,RT-0825-01526363,4,8,,"2,395.00",80,,FIRHOUSE-BALLYCULLEN,08/2025,
SOUTH DUBLIN COUNTY COUNCIL,Firhouse - Bohernabreena,House,RT-0226-01778235,4,6,A2,"2,797.00",133,,FIRHOUSE-BALLYCULLEN,02/2026,
SOUTH DUBLIN COUNTY COUNCIL,Firhouse - Bohernabreena,House,RT-0120-01564564-25,4,6,A2,"2,994.00",130,,FIRHOUSE-BALLYCULLEN,01/2020,2025
SOUTH DUBLIN COUNTY COUNCIL,Firhouse - Bohernabreena,House,RT-1025-01595793,4,9,A2,"2,982.00",133,,FIRHOUSE-BALLYCULLEN,10/2025,
SOUTH DUBLIN COUNTY COUNCIL,Firhouse - Bohernabreena,House,RT-0925-01571597,4,6,A2,"2,756.00",133,,FIRHOUSE-BALLYCULLEN,09/2025,
SOUTH DUBLIN COUNTY COUNCIL,Firhouse - Bohernabreena,House,RT-0925-01571474,4,6,A2,"2,762.00",133,,FIRHOUSE-BALLYCULLEN,09/2025,
SOUTH DUBLIN COUNTY COUNCIL,Firhouse - Bohernabreena,House,RT-0825-01520877,4,3,A2,"3,400.00",132,,FIRHOUSE-BALLYCULLEN,08/2025,
SOUTH DUBLIN COUNTY COUNCIL,Firhouse - Bohernabreena,House,RT-0325-01367636,4,0,A2,"2,892.00",141,,FIRHOUSE-BALLYCULLEN,03/2025,
SOUTH DUBLIN COUNTY COUNCIL,Firhouse - Bohernabreena,House,RT-0325-01348896-26,4,7,A2,"2,748.00",140,,FIRHOUSE-BALLYCULLEN,03/2025,2026
SOUTH DUBLIN COUNTY COUNCIL,Firhouse - Bohernabreena,House,RT-0225-01325795-26,4,7,A2,"2,908.00",130,,FIRHOUSE-BALLYCULLEN,02/2025,2026
SOUTH DUBLIN COUNTY COUNCIL,Firhouse - Bohernabreena,House,RT-1124-01225508-25,4,8,A2,"2,800.00",142,,FIRHOUSE-BALLYCULLEN,11/2024,2025
SOUTH DUBLIN COUNTY COUNCIL,Firhouse - Bohernabreena,House,RT-0126-01730107,4,8,A3,"3,434.00",142,,FIRHOUSE-BALLYCULLEN,01/2026,
SOUTH DUBLIN COUNTY COUNCIL,Firhouse - Bohernabreena,House,RT-1024-01191401-25,4,0,A3,"2,909.00",144,,FIRHOUSE-BALLYCULLEN,10/2024,2025
SOUTH DUBLIN COUNTY COUNCIL,Firhouse - Bohernabreena,House,RT-0824-01100093-25,4,7,A2,"2,766.00",134,,FIRHOUSE-BALLYCULLEN,08/2024,2025
SOUTH DUBLIN COUNTY COUNCIL,Firhouse - Bohernabreena,House,RT-0226-01760257,4,4,D2,"3,250.00",80,,EDMONDSTOWN,02/2026,
SOUTH DUBLIN COUNTY COUNCIL,Firhouse - Bohernabreena,House,RT-0419-01467989-26,4,0,,"2,000.00",80,,FIRHOUSE VILLAGE,04/2019,2026
SOUTH DUBLIN COUNTY COUNCIL,Firhouse - Bohernabreena,House,RT-0225-01319587-26,4,6,A2,"2,695.00",133,,FIRHOUSE-BALLYCULLEN,02/2025,2026
SOUTH DUBLIN COUNTY COUNCIL,Firhouse - Bohernabreena,House,RT-1124-01224200-25,4,8,A2,"2,710.00",130,,FIRHOUSE-BALLYCULLEN,11/2024,2025
SOUTH DUBLIN COUNTY COUNCIL,Firhouse - Bohernabreena,House,RT-0725-01510096-25,4,0,A2,"2,670.00",130,,FIRHOUSE-BALLYCULLEN,07/2025,2025
SOUTH DUBLIN COUNTY COUNCIL,Firhouse - Bohernabreena,House,RT-0525-01433929-25,4,0,A2,"2,897.00",130,,FIRHOUSE-BALLYCULLEN,05/2025,2025
SOUTH DUBLIN COUNTY COUNCIL,Firhouse - Bohernabreena,House,RT-0724-01086100-25,4,0,A2,"2,737.00",130,,FIRHOUSE-BALLYCULLEN,07/2024,2025
SOUTH DUBLIN COUNTY COUNCIL,Firhouse - Bohernabreena,House,RT-0119-01442193-26,4,4,C3,"1,952.00",90,,FIRHOUSE VILLAGE,01/2019,2026
SOUTH DUBLIN COUNTY COUNCIL,Firhouse - Bohernabreena,House,RT-0824-01114726-25,4,0,,"3,775.00",90,,FIRHOUSE-KNOCKLYON,08/2024,2025
SOUTH DUBLIN COUNTY COUNCIL,Firhouse - Bohernabreena,House,RT-0718-01361895-25,4,6,,"1,880.00",90,,FIRHOUSE VILLAGE,07/2018,2025
SOUTH DUBLIN COUNTY COUNCIL,Firhouse - Bohernabreena,House,RT-0226-01779110-25,4,3,,"2,000.00",95,,,02/2026,2025
SOUTH DUBLIN COUNTY COUNCIL,Firhouse - Bohernabreena,House,RT-0618-01356413-25,4,6,,"2,031.00",100,,FIRHOUSE-BALLYCULLEN,06/2018,2025
SOUTH DUBLIN COUNTY COUNCIL,Firhouse - Bohernabreena,House,RT-0425-01389635,4,6,,"1,126.67",98,,BOHERNABREENA,04/2025,
SOUTH DUBLIN COUNTY COUNCIL,Firhouse - Bohernabreena,House,RT-0225-01321153-26,4,0,A3,"2,995.00",116,,FIRHOUSE-BALLYCULLEN,02/2025,2026
SOUTH DUBLIN COUNTY COUNCIL,Firhouse - Bohernabreena,House,RT-0126-01714740,4,8,C3,"3,251.00",120,,FIRHOUSE-BALLYCULLEN,01/2026,
SOUTH DUBLIN COUNTY COUNCIL,Firhouse - Bohernabreena,House,RT-1225-01668072,4,7,F,"2,397.00",120,,FIRHOUSE-BALLYCULLEN,12/2025,
SOUTH DUBLIN COUNTY COUNCIL,Firhouse - Bohernabreena,House,RT-0925-01567321,4,6,C2,"3,117.00",121,,FIRHOUSE-BALLYCULLEN,09/2025,
SOUTH DUBLIN COUNTY COUNCIL,Firhouse - Bohernabreena,House,RT-0825-01517561,4,4,D1,"3,000.00",112,,FIRHOUSE-BALLYCULLEN,08/2025,
SOUTH DUBLIN COUNTY COUNCIL,Firhouse - Bohernabreena,House,RT-0425-01390097,4,8,,"2,940.00",117,,FIRHOUSE-BALLYCULLEN,04/2025,
SOUTH DUBLIN COUNTY COUNCIL,Firhouse - Bohernabreena,House,RT-1019-01531550-25,4,6,C2,"2,420.00",116,,FIRHOUSE VILLAGE,10/2019,2025
SOUTH DUBLIN COUNTY COUNCIL,Firhouse - Bohernabreena,House,RT-0822-00172074-25,4,6,C2,"1,979.00",116,,FIRHOUSE VILLAGE,08/2022,2025
SOUTH DUBLIN COUNTY COUNCIL,Firhouse - Bohernabreena,House,RT-1225-01674158,4,6,C3,"2,450.00",114,,FIRHOUSE VILLAGE,12/2025,
SOUTH DUBLIN COUNTY COUNCIL,Firhouse - Bohernabreena,House,RT-0125-01278743-25,4,7,D2,"2,545.00",116,,EDMONDSTOWN,01/2025,2025
SOUTH DUBLIN COUNTY COUNCIL,Firhouse - Bohernabreena,House,RT-0918-01391198-25,4,6,D1,"1,700.00",107,,FIRHOUSE VILLAGE,09/2018,2025
SOUTH DUBLIN COUNTY COUNCIL,Firhouse - Bohernabreena,House,RT-0625-01461599,4,4,B3,"2,750.00",110,,FIRHOUSE VILLAGE,06/2025,
SOUTH DUBLIN COUNTY COUNCIL,Firhouse - Bohernabreena,House,RT-0818-01376714-25,4,4,B2,"1,350.00",111,,EDMONDSTOWN,08/2018,2025
SOUTH DUBLIN COUNTY COUNCIL,Firhouse - Bohernabreena,House,RT-1125-01653616,4,6,B2,"3,000.00",113,,EDMONDSTOWN,11/2025,
SOUTH DUBLIN COUNTY COUNCIL,Firhouse - Bohernabreena,House,RT-0126-01709847,5,8,A2,"2,918.00",158,,FIRHOUSE-BALLYCULLEN,01/2026,
SOUTH DUBLIN COUNTY COUNCIL,Firhouse - Bohernabreena,House,RT-0924-01146526-25,5,8,A2,"2,642.00",145,,FIRHOUSE-BALLYCULLEN,09/2024,2025
SOUTH DUBLIN COUNTY COUNCIL,Firhouse - Bohernabreena,House,RT-0120-01570155-26,2,4,C3,"1,907.00",65,,FIRHOUSE-BALLYCULLEN,01/2020,2026
SOUTH DUBLIN COUNTY COUNCIL,Firhouse - Bohernabreena,House,RT-0625-01454837-25,2,0,,"2,250.00",70,,FIRHOUSE-BALLYCULLEN,06/2025,2025
SOUTH DUBLIN COUNTY COUNCIL,Firhouse - Bohernabreena,House,RT-1119-01540550-25,5,8,F,"2,757.00",80,,FIRHOUSE-KNOCKLYON,11/2019,2025
SOUTH DUBLIN COUNTY COUNCIL,Firhouse - Bohernabreena,House,RT-0226-01747042,5,0,,"3,515.00",207,,FIRHOUSE-BALLYCULLEN,02/2026,
SOUTH DUBLIN COUNTY COUNCIL,Firhouse - Bohernabreena,House,RT-0619-01490238-25,5,10,,"2,433.00",140,,FIRHOUSE-BALLYCULLEN,06/2019,2025
SOUTH DUBLIN COUNTY COUNCIL,Firhouse - Bohernabreena,House,RT-0724-01072172-25,5,10,,"3,396.00",150,,FIRHOUSE-BALLYCULLEN,07/2024,2025
SOUTH DUBLIN COUNTY COUNCIL,Firhouse - Bohernabreena,House,RT-0418-01334327-25,2,2,C3,"1,559.00",70,,FIRHOUSE VILLAGE,04/2018,2025
SOUTH DUBLIN COUNTY COUNCIL,Firhouse - Bohernabreena,House,RT-1024-01187008-25,2,2,D1,"1,500.00",80,,FIRHOUSE-BALLYCULLEN,10/2024,2025
SOUTH DUBLIN COUNTY COUNCIL,Firhouse - Bohernabreena,House,RT-0325-01358628,3,6,A2,"2,472.00",103,,FIRHOUSE-BALLYCULLEN,03/2025,
SOUTH DUBLIN COUNTY COUNCIL,Firhouse - Bohernabreena,House,RT-0925-01571771,4,0,A3,"3,009.00",149,,FIRHOUSE-BALLYCULLEN,09/2025,
SOUTH DUBLIN COUNTY COUNCIL,Firhouse - Bohernabreena,House,RT-1225-01676660,3,3,B1,"2,714.00",116,,FIRHOUSE-BALLYCULLEN,12/2025,
SOUTH DUBLIN COUNTY COUNCIL,Firhouse - Bohernabreena,House,RT-1025-01627107,3,0,B1,"2,760.00",116,,FIRHOUSE-BALLYCULLEN,10/2025,
SOUTH DUBLIN COUNTY COUNCIL,Firhouse - Bohernabreena,House,RT-0424-00945244-25,3,5,B3,"2,800.00",97,,FIRHOUSE-BALLYCULLEN,04/2024,2025
SOUTH DUBLIN COUNTY COUNCIL,Firhouse - Bohernabreena,House,RT-0125-01296121,3,3,,"2,200.00",132,,FIRHOUSE VILLAGE,01/2025,
SOUTH DUBLIN COUNTY COUNCIL,Firhouse - Bohernabreena,House,RT-1224-01235434-25,4,7,B3,"3,309.00",150,,FIRHOUSE-BALLYCULLEN,12/2024,2025
SOUTH DUBLIN COUNTY COUNCIL,Firhouse - Bohernabreena,House,RT-1124-01203518-25,4,5,C3,"3,200.00",136,,FIRHOUSE-BALLYCULLEN,11/2024,2025
SOUTH DUBLIN COUNTY COUNCIL,Firhouse - Bohernabreena,House,RT-1025-01601828,4,4,C1,"3,450.00",130,,FIRHOUSE-BALLYCULLEN,10/2025,
SOUTH DUBLIN COUNTY COUNCIL,Firhouse - Bohernabreena,House,RT-0919-01523846-25,4,8,C1,"3,250.00",150,,FIRHOUSE-BALLYCULLEN,09/2019,2025
SOUTH DUBLIN COUNTY COUNCIL,Firhouse - Bohernabreena,House,RT-0824-01092547-25,3,5,C1,"2,160.00",104,,FIRHOUSE-BALLYCULLEN,08/2024,2025
SOUTH DUBLIN COUNTY COUNCIL,Firhouse - Bohernabreena,House,RT-0325-01351451-26,3,5,C2,"2,600.00",100,,FIRHOUSE-BALLYCULLEN,03/2025,2026
SOUTH DUBLIN COUNTY COUNCIL,Firhouse - Bohernabreena,House,RT-0219-01452655-25,3,5,C2,"2,200.00",110,,FIRHOUSE-BALLYCULLEN,02/2019,2025
SOUTH DUBLIN COUNTY COUNCIL,Firhouse - Bohernabreena,House,RT-0824-01099062-25,2,4,C3,"2,017.00",65,,FIRHOUSE-KNOCKLYON,08/2024,2025
SOUTH DUBLIN COUNTY COUNCIL,Firhouse - Bohernabreena,House,RT-0522-00077684-25,3,5,C2,"1,475.00",101,,FIRHOUSE-BALLYCULLEN,05/2022,2025
SOUTH DUBLIN COUNTY COUNCIL,Firhouse - Bohernabreena,House,RT-0524-01012169-25,2,3,C2,"1,836.00",76,,EDMONDSTOWN,05/2024,2025
SOUTH DUBLIN COUNTY COUNCIL,Firhouse - Bohernabreena,House,RT-0818-01384253-25,3,5,C3,"1,778.00",100,,FIRHOUSE-BALLYCULLEN,08/2018,2025
SOUTH DUBLIN COUNTY COUNCIL,Firhouse - Bohernabreena,House,RT-0125-01268982-25,3,4,D1,"2,100.00",100,,FIRHOUSE-BALLYCULLEN,01/2025,2025
SOUTH DUBLIN COUNTY COUNCIL,Firhouse - Bohernabreena,House,RT-1024-01187855-25,3,5,D1,"2,795.00",100,,FIRHOUSE-BALLYCULLEN,10/2024,2025
SOUTH DUBLIN COUNTY COUNCIL,Firhouse - Bohernabreena,House,RT-0918-01385703-25,3,6,D1,"2,288.00",102,,FIRHOUSE-BALLYCULLEN,09/2018,2025
SOUTH DUBLIN COUNTY COUNCIL,Firhouse - Bohernabreena,House,RT-1024-01179649-25,3,5,D1,"1,740.00",114,,FIRHOUSE-BALLYCULLEN,10/2024,2025
SOUTH DUBLIN COUNTY COUNCIL,Firhouse - Bohernabreena,House,RT-0618-01359090-25,3,5,D1,"2,045.00",97,,FIRHOUSE-BALLYCULLEN,06/2018,2025
SOUTH DUBLIN COUNTY COUNCIL,Firhouse - Bohernabreena,House,RT-0625-01448352,3,5,D2,"1,619.00",110,,FIRHOUSE-BALLYCULLEN,06/2025,
SOUTH DUBLIN COUNTY COUNCIL,Firhouse - Bohernabreena,House,RT-0225-01307642-26,2,3,D2,"1,687.00",66,,EDMONDSTOWN,02/2025,2026
SOUTH DUBLIN COUNTY COUNCIL,Firhouse - Bohernabreena,House,RT-0226-01772903,3,5,,"1,500.00",130,,,02/2026,
SOUTH DUBLIN COUNTY COUNCIL,Firhouse - Bohernabreena,House,RT-0722-00146298-25,3,4,,"1,950.56",130,,FIRHOUSE VILLAGE,07/2022,2025
SOUTH DUBLIN COUNTY COUNCIL,Firhouse - Bohernabreena,House,RT-0825-01512921,4,0,,"3,700.00",50,,FIRHOUSE-BALLYCULLEN,08/2025,
SOUTH DUBLIN COUNTY COUNCIL,Firhouse - Bohernabreena,House,RT-0725-01481093,4,0,,"3,000.00",50,,FIRHOUSE-BALLYCULLEN,07/2025,
SOUTH DUBLIN COUNTY COUNCIL,Firhouse - Bohernabreena,House,RT-0226-01746970,4,0,,"2,956.00",141,,FIRHOUSE-BALLYCULLEN,02/2026,
SOUTH DUBLIN COUNTY COUNCIL,Firhouse - Bohernabreena,House,RT-0226-01746886,4,0,,"2,918.00",143,,FIRHOUSE-BALLYCULLEN,02/2026,
SOUTH DUBLIN COUNTY COUNCIL,Firhouse - Bohernabreena,House,RT-0225-01321695-26,2,4,,"2,346.00",70,,EDMONDSTOWN,02/2025,2026
SOUTH DUBLIN COUNTY COUNCIL,Firhouse - Bohernabreena,House,RT-0924-01127742-25,2,4,,"2,100.00",70,,FIRHOUSE-KNOCKLYON,09/2024,2025
SOUTH DUBLIN COUNTY COUNCIL,Firhouse - Bohernabreena,House,RT-1025-01617837,3,3,C1,"2,581.00",90,,FIRHOUSE-KNOCKLYON,10/2025,
SOUTH DUBLIN COUNTY COUNCIL,Firhouse - Bohernabreena,House,RT-1025-01593831,3,6,,500.00,100,,FIRHOUSE-KNOCKLYON,10/2025,
SOUTH DUBLIN COUNTY COUNCIL,Firhouse - Bohernabreena,House,RT-0924-01145631-25,3,3,,"2,700.00",120,,FIRHOUSE-KNOCKLYON,09/2024,2025
SOUTH DUBLIN COUNTY COUNCIL,Firhouse - Bohernabreena,House,RT-0220-01577396-26,4,4,B3,"2,500.00",148,,FIRHOUSE-KNOCKLYON,02/2020,2026
SOUTH DUBLIN COUNTY COUNCIL,Firhouse - Bohernabreena,House,RT-0225-01329124-26,4,6,A2,"3,600.00",186,,FIRHOUSE-KNOCKLYON,02/2025,2026
SOUTH DUBLIN COUNTY COUNCIL,Firhouse - Bohernabreena,House,RT-0220-01574394-26,4,6,C2,"2,800.00",160,,FIRHOUSE-KNOCKLYON,02/2020,2026
SOUTH DUBLIN COUNTY COUNCIL,Firhouse - Bohernabreena,House,RT-0425-01402755,4,6,B3,"3,400.00",134,,FIRHOUSE VILLAGE,04/2025,
SOUTH DUBLIN COUNTY COUNCIL,Firhouse - Bohernabreena,House,RT-0925-01551691,4,4,C1,"3,250.00",134,,FIRHOUSE VILLAGE,09/2025,
SOUTH DUBLIN COUNTY COUNCIL,Firhouse - Bohernabreena,House,RT-0620-01614758-25,4,8,C2,"1,898.00",130,,FIRHOUSE VILLAGE,06/2020,2025
SOUTH DUBLIN COUNTY COUNCIL,Firhouse - Bohernabreena,House,RT-0718-01368854-25,3,6,B3,"1,600.00",120,,FIRHOUSE VILLAGE,07/2018,2025
SOUTH DUBLIN COUNTY COUNCIL,Firhouse - Bohernabreena,House,RT-0624-01046692-25,6,10,C2,"4,570.00",140,,FIRHOUSE VILLAGE,06/2024,2025
SOUTH DUBLIN COUNTY COUNCIL,Firhouse - Bohernabreena,House,RT-0618-01354898-25,3,6,C3,"1,962.00",120,,EDMONDSTOWN,06/2018,2025
SOUTH DUBLIN COUNTY COUNCIL,Firhouse - Bohernabreena,House,RT-1025-01620133,4,8,C2,"2,711.00",120,,FIRHOUSE VILLAGE,10/2025,
SOUTH DUBLIN COUNTY COUNCIL,Firhouse - Bohernabreena,House,RT-1025-01605847,3,0,D2,"3,500.00",120,,FIRHOUSE VILLAGE,10/2025,
SOUTH DUBLIN COUNTY COUNCIL,Firhouse - Bohernabreena,House,RT-0219-01447329-26,3,5,D2,"1,730.00",87,,FIRHOUSE VILLAGE,02/2019,2026
SOUTH DUBLIN COUNTY COUNCIL,Firhouse - Bohernabreena,House,RT-1019-01527659-25,4,8,D2,"1,750.00",120,,EDMONDSTOWN,10/2019,2025
SOUTH DUBLIN COUNTY COUNCIL,Firhouse - Bohernabreena,House,RT-0120-01569519-26,4,0,,"3,077.00",140,,EDMONDSTOWN,01/2020,2026
SOUTH DUBLIN COUNTY COUNCIL,Firhouse - Bohernabreena,House,RT-0724-01047780-25,2,0,,"1,775.00",70,,FIRHOUSE VILLAGE,07/2024,2025
SOUTH DUBLIN COUNTY COUNCIL,Firhouse - Bohernabreena,House,RT-0318-01320860-26,2,3,,"1,222.00",70,,BOHERNABREENA,03/2018,2026
SOUTH DUBLIN COUNTY COUNCIL,Firhouse - Bohernabreena,House,RT-1224-01261581,2,0,,"1,750.00",75,,FIRHOUSE VILLAGE,12/2024,
SOUTH DUBLIN COUNTY COUNCIL,Firhouse - Bohernabreena,House,RT-0424-00974882-26,2,2,,"1,800.00",75,,FIRHOUSE VILLAGE,04/2024,2026
SOUTH DUBLIN COUNTY COUNCIL,Firhouse - Bohernabreena,House,RT-0119-01434928-25,3,5,C1,"2,206.00",90,,BOHERNABREENA,01/2019,2025
SOUTH DUBLIN COUNTY COUNCIL,Firhouse - Bohernabreena,House,RT-1225-01682514,3,3,C1,"2,200.00",110,,BOHERNABREENA,12/2025,
SOUTH DUBLIN COUNTY COUNCIL,Firhouse - Bohernabreena,House,RT-0819-01509284-25,3,5,D1,"1,479.80",93,,BOHERNABREENA,08/2019,2025
SOUTH DUBLIN COUNTY COUNCIL,Firhouse - Bohernabreena,House,RT-1018-01399486-25,3,5,D1,"1,748.00",110,,BOHERNABREENA,10/2018,2025
SOUTH DUBLIN COUNTY COUNCIL,Firhouse - Bohernabreena,House,RT-0319-01459882-26,3,3,D2,"1,935.00",97,,BOHERNABREENA,03/2019,2026
SOUTH DUBLIN COUNTY COUNCIL,Firhouse - Bohernabreena,House,RT-0125-01265325-26,3,6,,"2,500.00",120,,BOHERNABREENA,01/2025,2026
SOUTH DUBLIN COUNTY COUNCIL,Firhouse - Bohernabreena,House,RT-0825-01532197,4,4,A2,"3,500.00",132,,BOHERNABREENA,08/2025,
SOUTH DUBLIN COUNTY COUNCIL,Firhouse - Bohernabreena,House,RT-1125-01654014,4,0,,"3,300.00",50,,BOHERNABREENA,11/2025,
SOUTH DUBLIN COUNTY COUNCIL,Firhouse - Bohernabreena,House,RT-0319-01455681-25,4,6,,"1,500.00",150,,BOHERNABREENA,03/2019,2025
SOUTH DUBLIN COUNTY COUNCIL,Firhouse - Bohernabreena,House,RT-0126-01728409-26,4,6,,"1,300.00",125,,BOHERNABREENA,01/2026,2026
SOUTH DUBLIN COUNTY COUNCIL,Firhouse - Bohernabreena,House,RT-0419-01465428-26,4,0,,"1,750.00",120,,BOHERNABREENA,04/2019,2026
SOUTH DUBLIN COUNTY COUNCIL,Firhouse - Bohernabreena,House,RT-0225-01332475-26,4,0,,"2,423.00",120,,BOHERNABREENA,02/2025,2026
SOUTH DUBLIN COUNTY COUNCIL,Firhouse - Bohernabreena,House,RT-0126-01730340,3,5,,"1,350.00",100,,BOHERNABREENA,01/2026,
SOUTH DUBLIN COUNTY COUNCIL,Firhouse - Bohernabreena,House,RT-0824-01121246-25,3,5,,"2,000.00",82,,FIRHOUSE VILLAGE,08/2024,2025
SOUTH DUBLIN COUNTY COUNCIL,Firhouse - Bohernabreena,House,RT-0920-01652834-25,3,5,,"1,773.00",62,,FIRHOUSE VILLAGE,09/2020,2025
SOUTH DUBLIN COUNTY COUNCIL,Firhouse - Bohernabreena,House,RT-0918-01385647-25,3,0,D1,"2,021.00",111,,FIRHOUSE VILLAGE,09/2018,2025
SOUTH DUBLIN COUNTY COUNCIL,Firhouse - Bohernabreena,House,RT-0125-01273279-25,4,8,,"3,700.00",132,,FIRHOUSE VILLAGE,01/2025,2025
SOUTH DUBLIN COUNTY COUNCIL,Firhouse - Bohernabreena,House,RT-0225-01310442-26,4,5,,"3,600.00",129,,FIRHOUSE VILLAGE,02/2025,2026
SOUTH DUBLIN COUNTY COUNCIL,Firhouse - Bohernabreena,House,RT-0924-01154832-25,2,2,,"1,713.00",68,,FIRHOUSE VILLAGE,09/2024,2025
SOUTH DUBLIN COUNTY COUNCIL,Firhouse - Bohernabreena,House,RT-0725-01478872,2,4,,"1,727.00",80,,FIRHOUSE VILLAGE,07/2025,
SOUTH DUBLIN COUNTY COUNCIL,Firhouse - Bohernabreena,House,RT-0425-01386831-26,3,4,C2,"1,800.00",88,,FIRHOUSE VILLAGE,04/2025,2026
SOUTH DUBLIN COUNTY COUNCIL,Firhouse - Bohernabreena,House,RT-0624-01032711-25,4,0,C2,"1,867.00",120,,FIRHOUSE VILLAGE,06/2024,2025
SOUTH DUBLIN COUNTY COUNCIL,Firhouse - Bohernabreena,House,RT-0818-01382925-25,4,7,E1,"1,707.00",120,,FIRHOUSE VILLAGE,08/2018,2025
SOUTH DUBLIN COUNTY COUNCIL,Firhouse - Bohernabreena,House,RT-0724-01063499-25,3,0,C1,"2,650.00",90,,FIRHOUSE VILLAGE,07/2024,2025
SOUTH DUBLIN COUNTY COUNCIL,Firhouse - Bohernabreena,House,RT-0418-01328521-25,3,4,C1,"1,750.00",90,,FIRHOUSE VILLAGE,04/2018,2025
SOUTH DUBLIN COUNTY COUNCIL,Firhouse - Bohernabreena,House,RT-1119-01543064-25,3,4,C2,"2,139.28",90,,FIRHOUSE VILLAGE,11/2019,2025
SOUTH DUBLIN COUNTY COUNCIL,Firhouse - Bohernabreena,House,RT-0424-00944575-25,3,5,D1,"1,645.00",90,,FIRHOUSE VILLAGE,04/2024,2025
SOUTH DUBLIN COUNTY COUNCIL,Firhouse - Bohernabreena,House,RT-0825-01546919-25,3,5,B1,"2,170.00",92,,FIRHOUSE VILLAGE,08/2025,2025
SOUTH DUBLIN COUNTY COUNCIL,Firhouse - Bohernabreena,House,RT-0825-01540873,3,4,C2,"1,839.00",92,,FIRHOUSE VILLAGE,08/2025,
SOUTH DUBLIN COUNTY COUNCIL,Firhouse - Bohernabreena,House,RT-1019-01537209-25,3,0,C1,"1,960.50",93,,FIRHOUSE VILLAGE,10/2019,2025
SOUTH DUBLIN COUNTY COUNCIL,Firhouse - Bohernabreena,House,RT-0125-01296087-26,3,5,C1,"1,400.00",93,,FIRHOUSE VILLAGE,01/2025,2026
SOUTH DUBLIN COUNTY COUNCIL,Firhouse - Bohernabreena,House,RT-1219-01557853-25,4,8,,"1,977.00",120,,FIRHOUSE VILLAGE,12/2019,2025
SOUTH DUBLIN COUNTY COUNCIL,Firhouse - Bohernabreena,House,RT-0525-01415533,4,4,,"3,200.00",120,,FIRHOUSE VILLAGE,05/2025,
SOUTH DUBLIN COUNTY COUNCIL,Firhouse - Bohernabreena,House,RT-1025-01611584,3,5,D1,"2,395.00",95,,FIRHOUSE VILLAGE,10/2025,
SOUTH DUBLIN COUNTY COUNCIL,Firhouse - Bohernabreena,House,RT-0125-01280980-25,3,5,D1,"1,733.00",95,,FIRHOUSE VILLAGE,01/2025,2025
SOUTH DUBLIN COUNTY COUNCIL,Firhouse - Bohernabreena,House,RT-1118-01413518-25,3,0,D1,"2,525.00",95,,FIRHOUSE VILLAGE,11/2018,2025
SOUTH DUBLIN COUNTY COUNCIL,Firhouse - Bohernabreena,House,RT-0518-01342292-25,3,3,D1,"1,300.00",95,,FIRHOUSE VILLAGE,05/2018,2025
SOUTH DUBLIN COUNTY COUNCIL,Firhouse - Bohernabreena,House,RT-0523-00553363-25,3,3,E2,"1,600.00",95,,FIRHOUSE VILLAGE,05/2023,2025
SOUTH DUBLIN COUNTY COUNCIL,Firhouse - Bohernabreena,House,RT-0718-01360412-25,3,4,D1,"1,250.00",94,,FIRHOUSE VILLAGE,07/2018,2025
SOUTH DUBLIN COUNTY COUNCIL,Firhouse - Bohernabreena,House,RT-1225-01685773,3,5,C3,"2,750.00",93,,FIRHOUSE VILLAGE,12/2025,
SOUTH DUBLIN COUNTY COUNCIL,Firhouse - Bohernabreena,House,RT-0619-01487363-25,3,5,C1,"2,653.00",100,,FIRHOUSE VILLAGE,06/2019,2025
SOUTH DUBLIN COUNTY COUNCIL,Firhouse - Bohernabreena,House,RT-0325-01368388-25,3,0,C1,"2,297.00",100,,FIRHOUSE VILLAGE,03/2025,2025
SOUTH DUBLIN COUNTY COUNCIL,Firhouse - Bohernabreena,House,RT-0324-00917858-25,3,5,C1,"1,924.00",100,,FIRHOUSE VILLAGE,03/2024,2025
SOUTH DUBLIN COUNTY COUNCIL,Firhouse - Bohernabreena,House,RT-0722-00157898-25,3,3,C2,"1,900.00",100,,FIRHOUSE VILLAGE,07/2022,2025
SOUTH DUBLIN COUNTY COUNCIL,Firhouse - Bohernabreena,House,RT-0924-01154820-25,3,3,C3,"2,400.00",100,,FIRHOUSE VILLAGE,09/2024,2025
SOUTH DUBLIN COUNTY COUNCIL,Firhouse - Bohernabreena,House,RT-0126-01718833,3,5,D1,"1,800.00",100,,FIRHOUSE VILLAGE,01/2026,
SOUTH DUBLIN COUNTY COUNCIL,Firhouse - Bohernabreena,House,RT-0126-01717941-25,3,5,D1,"1,700.00",100,,FIRHOUSE VILLAGE,01/2026,2025
SOUTH DUBLIN COUNTY COUNCIL,Firhouse - Bohernabreena,House,RT-0319-01462195-26,3,5,D2,"2,200.00",100,,FIRHOUSE VILLAGE,03/2019,2026
SOUTH DUBLIN COUNTY COUNCIL,Firhouse - Bohernabreena,House,RT-0525-01411397,3,5,E1,"1,867.00",100,,FIRHOUSE VILLAGE,05/2025,
SOUTH DUBLIN COUNTY COUNCIL,Firhouse - Bohernabreena,House,RT-0718-01361933-25,3,6,E1,"1,627.00",100,,FIRHOUSE VILLAGE,07/2018,2025
SOUTH DUBLIN COUNTY COUNCIL,Firhouse - Bohernabreena,House,RT-1024-01179299-25,3,5,C1,"3,000.00",107,,FIRHOUSE VILLAGE,10/2024,2025
SOUTH DUBLIN COUNTY COUNCIL,Firhouse - Bohernabreena,House,RT-0724-01060296-25,3,0,B3,"2,800.00",105,,FIRHOUSE VILLAGE,07/2024,2025
SOUTH DUBLIN COUNTY COUNCIL,Firhouse - Bohernabreena,House,RT-0126-01720600,3,6,C2,"3,085.00",103,,FIRHOUSE VILLAGE,01/2026,
SOUTH DUBLIN COUNTY COUNCIL,Firhouse - Bohernabreena,House,RT-1219-01555955-25,3,5,C2,"1,920.00",102,,FIRHOUSE VILLAGE,12/2019,2025
SOUTH DUBLIN COUNTY COUNCIL,Firhouse - Bohernabreena,House,RT-0119-01436211-26,3,3,D2,"1,945.00",102,,FIRHOUSE VILLAGE,01/2019,2026
SOUTH DUBLIN COUNTY COUNCIL,Firhouse - Bohernabreena,House,RT-0618-01350302-25,3,5,D2,"1,651.00",101,,FIRHOUSE VILLAGE,06/2018,2025
SOUTH DUBLIN COUNTY COUNCIL,Firhouse - Bohernabreena,House,RT-0920-01647562-25,3,6,B3,"1,876.00",99,,FIRHOUSE VILLAGE,09/2020,2025
SOUTH DUBLIN COUNTY COUNCIL,Firhouse - Bohernabreena,House,RT-0320-01588451-26,3,4,C3,"1,656.00",99,,FIRHOUSE VILLAGE,03/2020,2026
SOUTH DUBLIN COUNTY COUNCIL,Firhouse - Bohernabreena,House,RT-0819-01510286-25,3,4,C3,"1,854.00",98,,FIRHOUSE VILLAGE,08/2019,2025
SOUTH DUBLIN COUNTY COUNCIL,Firhouse - Bohernabreena,House,RT-0119-01435357-26,3,0,,"1,771.00",85,,FIRHOUSE VILLAGE,01/2019,2026
SOUTH DUBLIN COUNTY COUNCIL,Firhouse - Bohernabreena,House,RT-0924-01132704-25,3,2,,"1,436.00",85,,FIRHOUSE VILLAGE,09/2024,2025
SOUTH DUBLIN COUNTY COUNCIL,Firhouse - Bohernabreena,House,RT-0325-01365268-26,3,3,,"2,310.00",120,,FIRHOUSE VILLAGE,03/2025,2026
SOUTH DUBLIN COUNTY COUNCIL,Firhouse - Bohernabreena,House,RT-0825-01533782,4,0,,"2,663.00",50,,FIRHOUSE VILLAGE,08/2025,
